customer_id,name,email,city,signup_date
1001,"Harish Reddy",harish.reddy4@outlook.com,Jaipur,2022-04-03
1002,"Vikas Chauhan",vikas.chauhan14@rediffmail.com,Bangalore,2023-05-15
1003,"Rohan Sharma",rohan.sharma12@yahoo.com,Jaipur,2023-11-01
1004,"Sunil Sharma",sunil.sharma72@yahoo.com,Agra,2023-05-10
1005,"Arjun Pillai",arjun.pillai76@outlook.com,Mumbai,2021-11-23
1006,"Mahesh Iyer",mahesh.iyer44@outlook.com,Chennai,2022-03-17
1007,"Dinesh Srivastava",dinesh.srivastava14@gmail.com,Indore,2021-07-18
1008,"Aditya Modi",aditya.modi45@rediffmail.com,Ahmedabad,2021-03-30
1009,"Ramesh Pillai",ramesh.pillai69@gmail.com,Indore,2021-06-11
1010,"Seema Agarwal",seema.agarwal81@rediffmail.com,Nagpur,2022-01-29
1011,"Shweta Mehta",shweta.mehta6@yahoo.com,Lucknow,2021-06-13
1012,"Arjun Modi",arjun.modi13@hotmail.com,Ahmedabad,2023-07-18
1013,"Harish Shah",harish.shah47@yahoo.com,Nagpur,2022-12-29
1014,"Shreya Tiwari",shreya.tiwari35@gmail.com,Faridabad,2021-12-17
1015,"Rajesh Chauhan",rajesh.chauhan32@yahoo.com,Patna,2023-02-17
1016,"Meera Malhotra",meera.malhotra82@rediffmail.com,Jaipur,2022-10-27
1017,"Savita Yadav",savita.yadav8@yahoo.com,Delhi,2022-10-09
1018,"Preeti Patel",preeti.patel9@yahoo.com,Nashik,2022-10-07
1019,"Shreya Mishra",shreya.mishra64@hotmail.com,Patna,2021-10-20
1020,"Siddharth Nair",siddharth.nair32@rediffmail.com,Agra,2022-06-23
1021,"Asha Bhatt",asha.bhatt55@rediffmail.com,Indore,2023-01-12
1022,"Arjun Nair",arjun.nair66@hotmail.com,Bangalore,2021-04-07
1023,"Neha Nair",neha.nair81@yahoo.com,Bhopal,2021-05-11
1024,"Vikram Bansal",vikram.bansal77@hotmail.com,Ludhiana,2022-05-30
1025,"Seema Modi",seema.modi2@gmail.com,Agra,2022-07-01
1026,"Savita Mishra",savita.mishra44@gmail.com,Lucknow,2023-06-10
1027,"Rahul Pillai",rahul.pillai1@outlook.com,Ludhiana,2022-01-01
1028,"Sanjay Malhotra",sanjay.malhotra14@outlook.com,Ludhiana,2022-02-12
1029,"Pooja Kulkarni",pooja.kulkarni98@yahoo.com,Agra,2023-12-23
1030,"Aarav Saxena",aarav.saxena42@hotmail.com,Mumbai,2021-08-18
1031,"Nisha Desai",nisha.desai40@yahoo.com,Delhi,2022-05-09
1032,"Arun Mehta",arun.mehta11@hotmail.com,Bangalore,2023-12-27
1033,"Savita Nair",savita.nair17@hotmail.com,Agra,2021-12-05
1034,"Siddharth Roy",siddharth.roy78@hotmail.com,Kolkata,2022-02-16
1035,"Shweta Agarwal",shweta.agarwal52@outlook.com,Patna,2023-11-26
1036,"Manoj Reddy",manoj.reddy32@yahoo.com,Bangalore,2022-11-24
1037,"Priya Bhatt",priya.bhatt71@yahoo.com,Nashik,2022-03-28
1038,"Aarav Mehta",aarav.mehta91@gmail.com,Jaipur,2021-05-19
1039,"Rohan Modi",rohan.modi43@gmail.com,Ludhiana,2022-05-03
1040,"Meera Tiwari",meera.tiwari63@yahoo.com,Agra,2021-09-28
1041,"Ramesh Malhotra",ramesh.malhotra74@rediffmail.com,Vadodara,2022-05-13
1042,"Deepak Kumar",deepak.kumar53@yahoo.com,Hyderabad,2021-07-18
1043,"Girish Iyer",girish.iyer46@hotmail.com,Bhopal,2023-08-15
1044,"Ramesh Verma",ramesh.verma87@gmail.com,Delhi,2023-04-05
1045,"Ramesh Srivastava",ramesh.srivastava14@yahoo.com,Kolkata,2022-01-25
1046,"Rajesh Pillai",rajesh.pillai18@hotmail.com,Pune,2022-07-25
1047,"Sunita Gupta",sunita.gupta10@hotmail.com,Agra,2021-07-20
1048,"Sneha Mishra",sneha.mishra70@gmail.com,Bangalore,2022-04-30
1049,"Rahul Iyer",rahul.iyer63@hotmail.com,Kolkata,2023-04-02
1050,"Sneha Joshi",sneha.joshi49@gmail.com,Indore,2022-06-28
1051,"Sunita Agarwal",sunita.agarwal55@rediffmail.com,Vadodara,2021-11-14
1052,"Mohit Agarwal",mohit.agarwal28@gmail.com,Nashik,2021-05-05
1053,"Asha Srivastava",asha.srivastava8@gmail.com,Nashik,2023-09-04
1054,"Kavita Joshi",kavita.joshi8@rediffmail.com,Bangalore,2022-01-16
1055,"Karan Saxena",karan.saxena9@yahoo.com,Indore,2021-09-03
1056,"Arun Gupta",arun.gupta75@rediffmail.com,Delhi,2021-06-17
1057,"Suresh Tiwari",suresh.tiwari75@rediffmail.com,Ludhiana,2022-10-10
1058,"Siddharth Das",siddharth.das86@outlook.com,Jaipur,2022-06-28
1059,"Preeti Nair",preeti.nair86@outlook.com,Patna,2022-10-10
1060,"Dinesh Malhotra",dinesh.malhotra10@gmail.com,Patna,2021-07-24
1061,"Karan Chopra",karan.chopra28@rediffmail.com,Ahmedabad,2021-09-29
1062,"Aditya Desai",aditya.desai9@yahoo.com,Nagpur,2022-08-07
1063,"Rajesh Pandey",rajesh.pandey39@rediffmail.com,Ludhiana,2021-01-17
1064,"Girish Shah",girish.shah71@outlook.com,Hyderabad,2021-10-03
1065,"Siddharth Reddy",siddharth.reddy14@rediffmail.com,Chennai,2022-07-12
1066,"Tarun Saxena",tarun.saxena27@outlook.com,Kolkata,2022-06-25
1067,"Sanjay Singh",sanjay.singh33@gmail.com,Bangalore,2023-05-18
1068,"Meera Verma",meera.verma1@outlook.com,Chennai,2022-06-21
1069,"Rahul Chauhan",rahul.chauhan57@rediffmail.com,Bhopal,2021-01-20
1070,"Neha Mehta",neha.mehta89@yahoo.com,Agra,2021-03-15
1071,"Nisha Bhatt",nisha.bhatt71@yahoo.com,Bhopal,2021-09-19
1072,"Rohan Agarwal",rohan.agarwal47@gmail.com,Nagpur,2022-03-07
1073,"Swati Gupta",swati.gupta86@gmail.com,Nagpur,2023-04-13
1074,"Lata Chauhan",lata.chauhan20@yahoo.com,Pune,2021-12-29
1075,"Suresh Sharma",suresh.sharma23@outlook.com,Bhopal,2022-05-24
1076,"Meera Joshi",meera.joshi90@gmail.com,Indore,2021-03-21
1077,"Deepak Gupta",deepak.gupta26@hotmail.com,Nagpur,2022-09-18
1078,"Arjun Gupta",arjun.gupta4@yahoo.com,Indore,2022-11-04
1079,"Meera Modi",meera.modi9@outlook.com,Nagpur,2023-11-10
1080,"Preeti Tiwari",preeti.tiwari69@outlook.com,Mumbai,2021-08-25
1081,"Siddharth Joshi",siddharth.joshi75@outlook.com,Delhi,2021-08-11
1082,"Sunil Iyer",sunil.iyer45@outlook.com,Bhopal,2023-11-14
1083,"Neha Bansal",neha.bansal74@yahoo.com,Ahmedabad,2021-04-01
1084,"Shweta Iyer",shweta.iyer1@rediffmail.com,Agra,2022-02-08
1085,"Nisha Iyer",nisha.iyer9@outlook.com,Faridabad,2022-10-05
1086,"Girish Modi",girish.modi16@outlook.com,Ludhiana,2022-09-26
1087,"Raj Bansal",raj.bansal90@outlook.com,Agra,2021-09-18
1088,"Mohit Iyer",mohit.iyer86@hotmail.com,Pune,2022-09-09
1089,"Preeti Chopra",preeti.chopra1@outlook.com,Lucknow,2022-03-07
1090,"Geeta Kumar",geeta.kumar75@rediffmail.com,Surat,2023-08-11
1091,"Manoj Pillai",manoj.pillai87@yahoo.com,Ludhiana,2023-08-28
1092,"Asha Joshi",asha.joshi85@gmail.com,Lucknow,2023-11-22
1093,"Girish Mishra",girish.mishra80@outlook.com,Bangalore,2022-04-27
1094,"Swati Agarwal",swati.agarwal29@yahoo.com,Chennai,2021-02-20
1095,"Rohan Gupta",rohan.gupta61@rediffmail.com,Bangalore,2023-07-22
1096,"Suresh Desai",suresh.desai81@rediffmail.com,Kolkata,2023-02-26
1097,"Rekha Bansal",rekha.bansal32@yahoo.com,Mumbai,2021-08-07
1098,"Savita Iyer",savita.iyer29@yahoo.com,Ludhiana,2023-08-10
1099,"Sneha Chopra",sneha.chopra32@gmail.com,Patna,2021-10-01
1100,"Sunita Tiwari",sunita.tiwari68@rediffmail.com,Faridabad,2022-10-12
1101,"Dinesh Desai",dinesh.desai57@rediffmail.com,Ludhiana,2023-05-24
1102,"Seema Pillai",seema.pillai21@hotmail.com,Patna,2022-06-15
1103,"Dinesh Gupta",dinesh.gupta82@outlook.com,Ludhiana,2023-09-20
1104,"Harish Gupta",harish.gupta36@hotmail.com,Bangalore,2022-08-09
1105,"Ritu Patel",ritu.patel43@outlook.com,Agra,2021-06-15
1106,"Vikas Nair",vikas.nair30@hotmail.com,Chennai,2022-03-15
1107,"Karan Iyer",karan.iyer53@outlook.com,Agra,2023-08-13
1108,"Suresh Verma",suresh.verma27@hotmail.com,Indore,2021-02-10
1109,"Dinesh Bhatt",dinesh.bhatt49@hotmail.com,Mumbai,2022-12-22
1110,"Kavya Yadav",kavya.yadav50@hotmail.com,Agra,2022-03-28
1111,"Rekha Gupta",rekha.gupta35@hotmail.com,Vadodara,2021-03-01
1112,"Vikram Srivastava",vikram.srivastava86@hotmail.com,Pune,2023-08-16
1113,"Vikas Saxena",vikas.saxena69@gmail.com,Indore,2021-02-25
1114,"Divya Mishra",divya.mishra55@yahoo.com,Patna,2022-01-08
1115,"Sneha Patel",sneha.patel49@outlook.com,Kolkata,2023-07-21
1116,"Raj Srivastava",raj.srivastava98@hotmail.com,Ahmedabad,2023-05-14
1117,"Siddharth Shah",siddharth.shah11@hotmail.com,Mumbai,2021-04-17
1118,"Aditya Gupta",aditya.gupta84@gmail.com,Delhi,2021-03-05
1119,"Ritu Das",ritu.das3@rediffmail.com,Chennai,2022-05-04
1120,"Vikas Singh",vikas.singh86@gmail.com,Nashik,2022-03-23
1121,"Sunita Pandey",sunita.pandey33@outlook.com,Pune,2021-08-23
1122,"Savita Shah",savita.shah21@outlook.com,Hyderabad,2021-02-22
1123,"Kavya Bhatt",kavya.bhatt87@hotmail.com,Indore,2022-02-11
1124,"Karan Bhatt",karan.bhatt89@yahoo.com,Hyderabad,2022-09-10
1125,"Swati Saxena",swati.saxena16@rediffmail.com,Delhi,2022-12-13
1126,"Rajesh Iyer",rajesh.iyer85@outlook.com,Bangalore,2023-11-03
1127,"Anita Srivastava",anita.srivastava2@hotmail.com,Vadodara,2021-08-05
1128,"Geeta Kulkarni",geeta.kulkarni82@hotmail.com,Chennai,2023-06-11
1129,"Anjali Chauhan",anjali.chauhan67@outlook.com,Faridabad,2023-09-18
1130,"Sunita Iyer",sunita.iyer94@rediffmail.com,Ahmedabad,2022-10-23
1131,"Ritu Shah",ritu.shah12@outlook.com,Patna,2022-05-15
1132,"Dinesh Pillai",dinesh.pillai73@rediffmail.com,Indore,2022-11-20
1133,"Priya Singh",priya.singh42@yahoo.com,Vadodara,2022-03-11
1134,"Aditya Kumar",aditya.kumar34@outlook.com,Ahmedabad,2022-07-20
1135,"Seema Sharma",seema.sharma67@yahoo.com,Bangalore,2022-05-10
1136,"Ramesh Iyer",ramesh.iyer63@rediffmail.com,Jaipur,2023-09-03
1137,"Anita Pandey",anita.pandey63@hotmail.com,Mumbai,2021-07-10
1138,"Tarun Gupta",tarun.gupta52@yahoo.com,Lucknow,2023-01-26
1139,"Deepak Chopra",deepak.chopra68@outlook.com,Bhopal,2022-11-09
1140,"Aditya Pandey",aditya.pandey59@outlook.com,Lucknow,2022-05-30
1141,"Arjun Reddy",arjun.reddy93@yahoo.com,Surat,2021-09-02
1142,"Asha Chopra",asha.chopra98@yahoo.com,Kolkata,2022-03-20
1143,"Asha Singh",asha.singh36@rediffmail.com,Ludhiana,2022-08-03
1144,"Amit Shah",amit.shah25@outlook.com,Jaipur,2023-01-10
1145,"Anjali Agarwal",anjali.agarwal2@rediffmail.com,Chennai,2022-07-16
1146,"Rohan Verma",rohan.verma71@outlook.com,Chennai,2023-10-03
1147,"Amit Modi",amit.modi2@rediffmail.com,Lucknow,2023-08-20
1148,"Deepak Pillai",deepak.pillai44@yahoo.com,Delhi,2022-06-02
1149,"Deepak Reddy",deepak.reddy9@hotmail.com,Vadodara,2021-06-01
1150,"Arun Mishra",arun.mishra88@gmail.com,Chennai,2021-11-02
1151,"Arun Agarwal",arun.agarwal11@yahoo.com,Hyderabad,2023-05-03
1152,"Sunil Saxena",sunil.saxena80@yahoo.com,Ludhiana,2023-02-19
1153,"Manoj Malhotra",manoj.malhotra57@outlook.com,Nashik,2023-05-29
1154,"Lata Verma",lata.verma79@gmail.com,Kolkata,2022-03-09
1155,"Siddharth Tiwari",siddharth.tiwari11@yahoo.com,Jaipur,2021-12-22
1156,"Seema Mehta",seema.mehta21@gmail.com,Bhopal,2023-07-12
1157,"Mahesh Saxena",mahesh.saxena61@outlook.com,Delhi,2022-04-20
1158,"Tarun Pandey",tarun.pandey37@hotmail.com,Bangalore,2022-04-24
1159,"Siddharth Kumar",siddharth.kumar81@rediffmail.com,Kolkata,2023-05-21
1160,"Neha Chopra",neha.chopra29@yahoo.com,Ahmedabad,2021-10-19
1161,"Karan Verma",karan.verma22@outlook.com,Faridabad,2022-08-15
1162,"Kavya Pandey",kavya.pandey52@outlook.com,Ludhiana,2023-10-09
1163,"Manoj Mehta",manoj.mehta77@gmail.com,Bhopal,2022-10-23
1164,"Sunil Patel",sunil.patel4@gmail.com,Jaipur,2021-02-12
1165,"Dinesh Tiwari",dinesh.tiwari35@rediffmail.com,Delhi,2021-12-25
1166,"Deepak Roy",deepak.roy84@hotmail.com,Ahmedabad,2022-01-07
1167,"Usha Iyer",usha.iyer82@hotmail.com,Bangalore,2023-08-21
1168,"Aditya Iyer",aditya.iyer43@outlook.com,Hyderabad,2021-11-26
1169,"Simran Iyer",simran.iyer89@hotmail.com,Lucknow,2023-04-01
1170,"Dinesh Chopra",dinesh.chopra5@hotmail.com,Bangalore,2022-10-07
1171,"Siddharth Srivastava",siddharth.srivastava15@hotmail.com,Ludhiana,2021-01-03
1172,"Mohit Roy",mohit.roy47@rediffmail.com,Vadodara,2023-06-25
1173,"Dinesh Verma",dinesh.verma27@outlook.com,Agra,2021-09-26
1174,"Tarun Pillai",tarun.pillai90@hotmail.com,Hyderabad,2021-03-01
1175,"Harish Saxena",harish.saxena31@yahoo.com,Lucknow,2021-01-29
1176,"Seema Iyer",seema.iyer12@yahoo.com,Hyderabad,2023-08-04
1177,"Neha Mishra",neha.mishra20@hotmail.com,Lucknow,2023-11-09
1178,"Shweta Patel",shweta.patel54@hotmail.com,Vadodara,2022-05-15
1179,"Sunita Chopra",sunita.chopra19@hotmail.com,Kolkata,2023-11-07
1180,"Asha Desai",asha.desai18@gmail.com,Ahmedabad,2023-04-30
1181,"Simran Malhotra",simran.malhotra65@outlook.com,Mumbai,2022-08-03
1182,"Ramesh Agarwal",ramesh.agarwal76@rediffmail.com,Vadodara,2021-11-01
1183,"Manoj Chopra",manoj.chopra62@outlook.com,Surat,2023-02-12
1184,"Sunita Malhotra",sunita.malhotra42@yahoo.com,Jaipur,2023-02-24
1185,"Rohan Srivastava",rohan.srivastava96@hotmail.com,Indore,2023-03-02
1186,"Girish Kumar",girish.kumar84@yahoo.com,Vadodara,2021-03-17
1187,"Vikas Roy",vikas.roy76@outlook.com,Hyderabad,2023-06-21
1188,"Amit Roy",amit.roy59@gmail.com,Chennai,2023-04-20
1189,"Anita Nair",anita.nair10@hotmail.com,Ahmedabad,2022-11-25
1190,"Lata Pandey",lata.pandey51@gmail.com,Surat,2023-12-29
1191,"Harish Pandey",harish.pandey98@hotmail.com,Agra,2021-03-15
1192,"Lata Mehta",lata.mehta31@outlook.com,Jaipur,2021-07-05
1193,"Geeta Reddy",geeta.reddy98@gmail.com,Patna,2021-12-07
1194,"Mahesh Agarwal",mahesh.agarwal4@gmail.com,Surat,2021-04-25
1195,"Tarun Kulkarni",tarun.kulkarni48@hotmail.com,Chennai,2022-05-16
1196,"Kavita Iyer",kavita.iyer73@yahoo.com,Pune,2021-12-25
1197,"Divya Saxena",divya.saxena49@rediffmail.com,Jaipur,2023-10-17
1198,"Usha Nair",usha.nair30@hotmail.com,Ahmedabad,2023-07-31
1199,"Aarav Desai",aarav.desai60@outlook.com,Agra,2021-11-20
1200,"Karan Pillai",karan.pillai45@rediffmail.com,Lucknow,2023-05-19
1201,"Mahesh Patel",mahesh.patel59@outlook.com,Kolkata,2023-02-27
1202,"Ritu Bansal",ritu.bansal74@outlook.com,Nashik,2022-08-29
1203,"Priya Shah",priya.shah85@hotmail.com,Ahmedabad,2021-01-17
1204,"Arun Modi",arun.modi88@gmail.com,Faridabad,2023-10-15
1205,"Tarun Yadav",tarun.yadav30@rediffmail.com,Nagpur,2022-03-25
1206,"Harish Das",harish.das80@outlook.com,Chennai,2021-07-18
1207,"Harish Mishra",harish.mishra6@outlook.com,Patna,2021-03-10
1208,"Usha Kulkarni",usha.kulkarni94@yahoo.com,Bangalore,2022-08-28
1209,"Raj Chauhan",raj.chauhan54@yahoo.com,Kolkata,2021-09-28
1210,"Rajesh Desai",rajesh.desai47@rediffmail.com,Ludhiana,2022-07-13
1211,"Rahul Patel",rahul.patel62@outlook.com,Surat,2021-08-24
1212,"Sunita Mehta",sunita.mehta19@yahoo.com,Indore,2023-01-20
1213,"Divya Kumar",divya.kumar51@gmail.com,Ahmedabad,2021-09-11
1214,"Sunita Kulkarni",sunita.kulkarni87@outlook.com,Nashik,2023-02-20
1215,"Harish Kulkarni",harish.kulkarni14@yahoo.com,Vadodara,2021-02-21
1216,"Lata Desai",lata.desai72@outlook.com,Faridabad,2022-03-30
1217,"Anita Mehta",anita.mehta82@hotmail.com,Lucknow,2023-04-17
1218,"Kavya Singh",kavya.singh15@gmail.com,Jaipur,2021-10-05
1219,"Vikram Pillai",vikram.pillai48@rediffmail.com,Bhopal,2021-11-13
1220,"Suresh Mishra",suresh.mishra13@hotmail.com,Faridabad,2023-04-16
1221,"Mahesh Kulkarni",mahesh.kulkarni28@hotmail.com,Patna,2022-04-29
1222,"Nisha Reddy",nisha.reddy88@outlook.com,Agra,2023-01-05
1223,"Sneha Bansal",sneha.bansal36@yahoo.com,Hyderabad,2023-07-21
1224,"Divya Tiwari",divya.tiwari28@rediffmail.com,Mumbai,2021-04-14
1225,"Simran Gupta",simran.gupta17@rediffmail.com,Kolkata,2021-05-21
1226,"Shreya Bhatt",shreya.bhatt28@yahoo.com,Surat,2021-10-30
1227,"Pooja Nair",pooja.nair70@outlook.com,Pune,2021-08-14
1228,"Priya Nair",priya.nair2@outlook.com,Jaipur,2022-10-26
1229,"Priya Joshi",priya.joshi34@gmail.com,Chennai,2023-05-13
1230,"Kavita Reddy",kavita.reddy96@gmail.com,Vadodara,2023-07-08
1231,"Savita Kulkarni",savita.kulkarni66@rediffmail.com,Hyderabad,2023-07-15
1232,"Sanjay Gupta",sanjay.gupta79@gmail.com,Ludhiana,2022-09-10
1233,"Sunita Mishra",sunita.mishra4@gmail.com,Vadodara,2023-04-03
1234,"Geeta Tiwari",geeta.tiwari14@hotmail.com,Patna,2021-05-31
1235,"Divya Srivastava",divya.srivastava78@yahoo.com,Bangalore,2021-09-16
1236,"Meera Saxena",meera.saxena82@rediffmail.com,Agra,2022-10-28
1237,"Vikram Saxena",vikram.saxena68@outlook.com,Patna,2023-11-02
1238,"Amit Kumar",amit.kumar90@gmail.com,Agra,2022-03-17
1239,"Geeta Pillai",geeta.pillai30@hotmail.com,Surat,2023-07-18
1240,"Preeti Iyer",preeti.iyer94@gmail.com,Surat,2023-05-25
1241,"Raj Tiwari",raj.tiwari33@outlook.com,Chennai,2023-08-30
1242,"Karan Mehta",karan.mehta11@gmail.com,Bhopal,2021-07-17
1243,"Asha Chauhan",asha.chauhan48@yahoo.com,Agra,2021-05-03
1244,"Usha Chopra",usha.chopra72@outlook.com,Hyderabad,2023-04-22
1245,"Girish Yadav",girish.yadav55@gmail.com,Lucknow,2022-10-02
1246,"Aditya Reddy",aditya.reddy74@rediffmail.com,Kolkata,2021-11-13
1247,"Girish Singh",girish.singh29@gmail.com,Nagpur,2023-01-23
1248,"Neha Yadav",neha.yadav36@rediffmail.com,Jaipur,2023-05-29
1249,"Seema Yadav",seema.yadav80@rediffmail.com,Agra,2021-02-23
1250,"Sunil Malhotra",sunil.malhotra85@outlook.com,Mumbai,2022-01-05
1251,"Meera Pandey",meera.pandey98@outlook.com,Surat,2022-12-20
1252,"Aarav Joshi",aarav.joshi19@rediffmail.com,Indore,2021-05-23
1253,"Pooja Chauhan",pooja.chauhan82@gmail.com,Bangalore,2023-12-23
1254,"Shreya Bansal",shreya.bansal54@hotmail.com,Surat,2021-11-19
1255,"Nisha Agarwal",nisha.agarwal93@outlook.com,Nashik,2021-06-23
1256,"Sneha Nair",sneha.nair21@rediffmail.com,Delhi,2021-06-17
1257,"Meera Pillai",meera.pillai85@hotmail.com,Vadodara,2023-06-25
1258,"Suresh Patel",suresh.patel28@rediffmail.com,Hyderabad,2022-12-08
1259,"Tarun Tiwari",tarun.tiwari87@rediffmail.com,Vadodara,2023-12-16
1260,"Girish Agarwal",girish.agarwal6@yahoo.com,Indore,2021-04-23
1261,"Aarav Das",aarav.das39@yahoo.com,Chennai,2022-06-08
1262,"Tarun Srivastava",tarun.srivastava16@gmail.com,Vadodara,2023-06-01
1263,"Anjali Nair",anjali.nair49@rediffmail.com,Jaipur,2023-10-22
1264,"Seema Shah",seema.shah86@outlook.com,Bangalore,2023-03-25
1265,"Asha Verma",asha.verma56@gmail.com,Patna,2021-06-09
1266,"Raj Bhatt",raj.bhatt55@rediffmail.com,Indore,2023-05-06
1267,"Tarun Reddy",tarun.reddy52@gmail.com,Surat,2021-12-18
1268,"Lata Pillai",lata.pillai89@outlook.com,Bangalore,2023-06-14
1269,"Amit Gupta",amit.gupta56@rediffmail.com,Indore,2023-12-10
1270,"Divya Bansal",divya.bansal40@outlook.com,Jaipur,2022-11-14
1271,"Savita Joshi",savita.joshi10@rediffmail.com,Hyderabad,2023-12-23
1272,"Sanjay Das",sanjay.das45@outlook.com,Chennai,2022-04-29
1273,"Amit Nair",amit.nair33@yahoo.com,Pune,2021-11-10
1274,"Dinesh Yadav",dinesh.yadav84@gmail.com,Pune,2023-10-09
1275,"Sunita Yadav",sunita.yadav73@rediffmail.com,Patna,2022-10-24
1276,"Harish Srivastava",harish.srivastava20@hotmail.com,Bangalore,2023-08-19
1277,"Manoj Mishra",manoj.mishra39@outlook.com,Nashik,2021-04-26
1278,"Aditya Roy",aditya.roy10@outlook.com,Patna,2023-07-15
1279,"Nisha Shah",nisha.shah37@gmail.com,Bangalore,2023-11-05
1280,"Rohan Pillai",rohan.pillai74@yahoo.com,Surat,2023-09-02
1281,"Sanjay Nair",sanjay.nair8@hotmail.com,Hyderabad,2022-12-05
1282,"Sanjay Mishra",sanjay.mishra23@gmail.com,Jaipur,2023-06-16
1283,"Manoj Roy",manoj.roy67@rediffmail.com,Pune,2023-01-16
1284,"Nisha Malhotra",nisha.malhotra37@hotmail.com,Bhopal,2022-11-24
1285,"Sneha Kumar",sneha.kumar81@outlook.com,Bangalore,2022-11-07
1286,"Amit Chopra",amit.chopra87@hotmail.com,Lucknow,2022-06-01
1287,"Ramesh Modi",ramesh.modi85@rediffmail.com,Chennai,2022-11-14
1288,"Divya Bhatt",divya.bhatt85@yahoo.com,Nagpur,2022-09-28
1289,"Girish Bansal",girish.bansal17@rediffmail.com,Bangalore,2022-09-27
1290,"Seema Bansal",seema.bansal83@outlook.com,Chennai,2023-12-15
1291,"Sanjay Kulkarni",sanjay.kulkarni3@outlook.com,Lucknow,2022-01-05
1292,"Shreya Srivastava",shreya.srivastava99@hotmail.com,Kolkata,2022-04-09
1293,"Karan Agarwal",karan.agarwal13@rediffmail.com,Agra,2023-12-15
1294,"Rohan Tiwari",rohan.tiwari44@rediffmail.com,Chennai,2023-02-11
1295,"Pooja Joshi",pooja.joshi24@rediffmail.com,Pune,2023-06-16
1296,"Rohan Iyer",rohan.iyer47@yahoo.com,Patna,2022-08-07
1297,"Dinesh Chauhan",dinesh.chauhan58@yahoo.com,Agra,2022-05-05
1298,"Kavya Kumar",kavya.kumar61@yahoo.com,Nagpur,2023-06-22
1299,"Vikram Roy",vikram.roy68@hotmail.com,Pune,2022-02-13
1300,"Sunil Nair",sunil.nair33@gmail.com,Vadodara,2023-01-31
1301,"Seema Malhotra",seema.malhotra14@rediffmail.com,Hyderabad,2022-08-07
1302,"Divya Yadav",divya.yadav21@outlook.com,Patna,2023-11-18
1303,"Pooja Shah",pooja.shah56@gmail.com,Jaipur,2023-07-13
1304,"Aditya Malhotra",aditya.malhotra4@hotmail.com,Delhi,2023-03-23
1305,"Divya Kulkarni",divya.kulkarni29@gmail.com,Surat,2021-07-22
1306,"Shweta Mishra",shweta.mishra43@yahoo.com,Chennai,2021-03-20
1307,"Tarun Malhotra",tarun.malhotra61@yahoo.com,Vadodara,2023-07-08
1308,"Lata Sharma",lata.sharma11@gmail.com,Ahmedabad,2022-03-18
1309,"Pooja Chopra",pooja.chopra94@rediffmail.com,Ludhiana,2023-05-17
1310,"Kavya Reddy",kavya.reddy7@yahoo.com,Bhopal,2023-07-26
1311,"Karan Reddy",karan.reddy64@rediffmail.com,Agra,2021-02-03
1312,"Harish Roy",harish.roy74@yahoo.com,Chennai,2022-08-20
1313,"Geeta Sharma",geeta.sharma79@outlook.com,Jaipur,2023-05-04
1314,"Anjali Tiwari",anjali.tiwari86@gmail.com,Ludhiana,2023-01-09
1315,"Karan Roy",karan.roy70@rediffmail.com,Ludhiana,2021-02-11
1316,"Vikram Modi",vikram.modi61@gmail.com,Indore,2023-02-04
1317,"Siddharth Chauhan",siddharth.chauhan3@outlook.com,Bangalore,2022-12-08
1318,"Ritu Chauhan",ritu.chauhan85@gmail.com,Nashik,2022-11-12
1319,"Vikas Verma",vikas.verma46@rediffmail.com,Surat,2021-12-25
1320,"Savita Tiwari",savita.tiwari60@hotmail.com,Pune,2021-10-04
1321,"Karan Pandey",karan.pandey59@gmail.com,Lucknow,2022-02-17
1322,"Rohan Kumar",rohan.kumar26@gmail.com,Surat,2022-09-28
1323,"Sanjay Bansal",sanjay.bansal70@hotmail.com,Ahmedabad,2021-03-16
1324,"Dinesh Mishra",dinesh.mishra25@outlook.com,Nagpur,2021-04-08
1325,"Meera Reddy",meera.reddy48@hotmail.com,Indore,2023-06-20
1326,"Anjali Singh",anjali.singh89@hotmail.com,Nagpur,2023-11-30
1327,"Meera Kumar",meera.kumar11@hotmail.com,Bangalore,2023-06-01
1328,"Sunil Shah",sunil.shah24@rediffmail.com,Lucknow,2022-10-20
1329,"Amit Mehta",amit.mehta42@outlook.com,Lucknow,2023-07-03
1330,"Sunil Pandey",sunil.pandey55@yahoo.com,Patna,2022-12-21
1331,"Manoj Verma",manoj.verma94@outlook.com,Faridabad,2023-06-10
1332,"Meera Mishra",meera.mishra8@gmail.com,Indore,2023-01-15
1333,"Sanjay Kumar",sanjay.kumar96@yahoo.com,Mumbai,2021-10-20
1334,"Sunil Tiwari",sunil.tiwari57@gmail.com,Chennai,2021-05-18
1335,"Ritu Yadav",ritu.yadav83@outlook.com,Nagpur,2023-02-24
1336,"Arun Verma",arun.verma78@yahoo.com,Patna,2023-01-30
1337,"Nisha Pillai",nisha.pillai98@gmail.com,Nashik,2021-10-09
1338,"Kavita Kulkarni",kavita.kulkarni51@outlook.com,Ahmedabad,2022-05-27
1339,"Neha Sharma",neha.sharma95@yahoo.com,Vadodara,2023-11-27
1340,"Vikram Malhotra",vikram.malhotra72@gmail.com,Ahmedabad,2022-06-18
1341,"Shweta Pillai",shweta.pillai28@rediffmail.com,Lucknow,2023-10-03
1342,"Mohit Reddy",mohit.reddy18@gmail.com,Patna,2021-12-20
1343,"Swati Modi",swati.modi41@outlook.com,Bangalore,2022-08-18
1344,"Kavya Modi",kavya.modi21@yahoo.com,Nagpur,2023-11-08
1345,"Mohit Kumar",mohit.kumar18@yahoo.com,Vadodara,2021-02-23
1346,"Nisha Chopra",nisha.chopra74@outlook.com,Patna,2021-09-23
1347,"Divya Mehta",divya.mehta40@hotmail.com,Vadodara,2023-12-13
1348,"Suresh Yadav",suresh.yadav53@rediffmail.com,Bangalore,2021-09-14
1349,"Raj Mishra",raj.mishra10@hotmail.com,Patna,2023-11-26
1350,"Aditya Nair",aditya.nair71@rediffmail.com,Pune,2021-09-22
1351,"Geeta Roy",geeta.roy8@gmail.com,Ludhiana,2021-11-10
1352,"Kavya Joshi",kavya.joshi21@outlook.com,Jaipur,2022-12-10
1353,"Kavita Desai",kavita.desai37@gmail.com,Ahmedabad,2022-02-07
1354,"Harish Chopra",harish.chopra36@yahoo.com,Lucknow,2023-12-29
1355,"Divya Roy",divya.roy83@yahoo.com,Nashik,2021-11-12
1356,"Rahul Tiwari",rahul.tiwari80@rediffmail.com,Surat,2021-03-26
1357,"Priya Mehta",priya.mehta6@rediffmail.com,Ahmedabad,2022-03-08
1358,"Savita Bhatt",savita.bhatt54@rediffmail.com,Mumbai,2023-10-17
1359,"Tarun Mishra",tarun.mishra39@hotmail.com,Jaipur,2023-04-12
1360,"Kavya Pillai",kavya.pillai10@gmail.com,Pune,2023-06-20
1361,"Suresh Singh",suresh.singh60@yahoo.com,Surat,2021-10-22
1362,"Raj Modi",raj.modi92@outlook.com,Nagpur,2023-03-28
1363,"Vikas Yadav",vikas.yadav48@rediffmail.com,Agra,2021-08-06
1364,"Raj Gupta",raj.gupta60@gmail.com,Ahmedabad,2023-07-10
1365,"Ritu Nair",ritu.nair13@gmail.com,Lucknow,2023-02-26
1366,"Lata Iyer",lata.iyer32@yahoo.com,Surat,2022-10-03
1367,"Mohit Yadav",mohit.yadav21@hotmail.com,Ludhiana,2023-08-15
1368,"Rekha Desai",rekha.desai40@hotmail.com,Mumbai,2021-07-04
1369,"Preeti Roy",preeti.roy59@yahoo.com,Kolkata,2022-12-24
1370,"Sneha Verma",sneha.verma37@hotmail.com,Faridabad,2023-08-22
1371,"Tarun Chopra",tarun.chopra2@gmail.com,Bhopal,2021-10-02
1372,"Nisha Yadav",nisha.yadav52@outlook.com,Delhi,2023-04-01
1373,"Sneha Bhatt",sneha.bhatt72@yahoo.com,Nagpur,2022-08-15
1374,"Karan Bansal",karan.bansal65@hotmail.com,Agra,2022-07-27
1375,"Lata Tiwari",lata.tiwari79@gmail.com,Chennai,2021-07-18
1376,"Preeti Kulkarni",preeti.kulkarni44@rediffmail.com,Nagpur,2021-10-23
1377,"Mohit Saxena",mohit.saxena66@hotmail.com,Ludhiana,2021-03-24
1378,"Vikas Pandey",vikas.pandey43@hotmail.com,Ludhiana,2023-07-25
1379,"Pooja Saxena",pooja.saxena66@yahoo.com,Surat,2022-10-15
1380,"Rahul Bansal",rahul.bansal79@outlook.com,Nashik,2022-11-20
1381,"Sanjay Shah",sanjay.shah66@rediffmail.com,Vadodara,2022-09-06
1382,"Deepak Shah",deepak.shah3@outlook.com,Surat,2021-08-13
1383,"Suresh Bhatt",suresh.bhatt40@gmail.com,Faridabad,2023-08-30
1384,"Siddharth Mishra",siddharth.mishra75@rediffmail.com,Jaipur,2021-04-16
1385,"Usha Singh",usha.singh22@rediffmail.com,Faridabad,2023-02-18
1386,"Rohan Bhatt",rohan.bhatt90@gmail.com,Kolkata,2021-02-08
1387,"Manoj Srivastava",manoj.srivastava54@yahoo.com,Bhopal,2022-02-22
1388,"Suresh Roy",suresh.roy79@hotmail.com,Delhi,2021-10-10
1389,"Kavita Das",kavita.das72@outlook.com,Vadodara,2023-12-13
1390,"Anjali Pillai",anjali.pillai69@outlook.com,Agra,2022-12-27
1391,"Swati Yadav",swati.yadav93@outlook.com,Faridabad,2023-09-19
1392,"Mohit Gupta",mohit.gupta36@rediffmail.com,Lucknow,2022-04-06
1393,"Shreya Pandey",shreya.pandey91@hotmail.com,Surat,2023-09-10
1394,"Aditya Chopra",aditya.chopra93@outlook.com,Lucknow,2021-09-07
1395,"Arun Tiwari",arun.tiwari70@hotmail.com,Indore,2022-12-08
1396,"Savita Kumar",savita.kumar19@outlook.com,Delhi,2022-08-13
1397,"Deepak Das",deepak.das26@rediffmail.com,Ahmedabad,2022-07-11
1398,"Vikas Reddy",vikas.reddy79@rediffmail.com,Jaipur,2022-05-12
1399,"Sneha Tiwari",sneha.tiwari68@yahoo.com,Jaipur,2021-04-18
1400,"Amit Iyer",amit.iyer43@hotmail.com,Hyderabad,2021-10-09
1401,"Aarav Chopra",aarav.chopra21@hotmail.com,Vadodara,2023-09-05
1402,"Anita Das",anita.das97@outlook.com,Surat,2022-08-08
1403,"Anita Verma",anita.verma99@gmail.com,Nashik,2022-04-21
1404,"Rohan Malhotra",rohan.malhotra23@hotmail.com,Pune,2021-03-16
1405,"Preeti Kumar",preeti.kumar64@yahoo.com,Lucknow,2021-03-18
1406,"Aarav Agarwal",aarav.agarwal73@rediffmail.com,Hyderabad,2022-11-18
1407,"Anita Chopra",anita.chopra68@hotmail.com,Chennai,2023-10-30
1408,"Sunita Patel",sunita.patel25@gmail.com,Surat,2021-11-29
1409,"Anita Patel",anita.patel92@yahoo.com,Mumbai,2022-11-22
1410,"Tarun Bhatt",tarun.bhatt87@yahoo.com,Pune,2023-04-11
1411,"Raj Mehta",raj.mehta52@gmail.com,Pune,2021-10-15
1412,"Deepak Srivastava",deepak.srivastava32@gmail.com,Ahmedabad,2023-02-25
1413,"Ritu Pillai",ritu.pillai97@outlook.com,Surat,2022-09-11
1414,"Usha Chauhan",usha.chauhan74@gmail.com,Ahmedabad,2023-01-07
1415,"Mahesh Gupta",mahesh.gupta8@gmail.com,Patna,2022-09-21
1416,"Swati Roy",swati.roy91@outlook.com,Hyderabad,2022-08-28
1417,"Nisha Saxena",nisha.saxena29@yahoo.com,Chennai,2023-09-07
1418,"Pooja Pillai",pooja.pillai96@rediffmail.com,Nagpur,2023-05-02
1419,"Mahesh Chopra",mahesh.chopra61@rediffmail.com,Kolkata,2022-05-22
1420,"Sunil Modi",sunil.modi11@rediffmail.com,Patna,2023-12-18
1421,"Shweta Kulkarni",shweta.kulkarni10@rediffmail.com,Hyderabad,2021-05-07
1422,"Seema Desai",seema.desai65@yahoo.com,Nashik,2021-11-03
1423,"Rahul Srivastava",rahul.srivastava67@hotmail.com,Hyderabad,2022-02-25
1424,"Shweta Bhatt",shweta.bhatt63@gmail.com,Ludhiana,2023-07-02
1425,"Sneha Pillai",sneha.pillai17@rediffmail.com,Bhopal,2023-07-25
1426,"Swati Kumar",swati.kumar40@gmail.com,Indore,2022-06-06
1427,"Aarav Chauhan",aarav.chauhan28@rediffmail.com,Bangalore,2021-04-03
1428,"Mahesh Mehta",mahesh.mehta70@gmail.com,Bangalore,2023-08-25
1429,"Suresh Joshi",suresh.joshi99@yahoo.com,Bhopal,2023-02-06
1430,"Rajesh Nair",rajesh.nair84@outlook.com,Hyderabad,2022-01-01
1431,"Rajesh Bansal",rajesh.bansal68@yahoo.com,Jaipur,2021-01-08
1432,"Dinesh Sharma",dinesh.sharma39@hotmail.com,Agra,2023-05-19
1433,"Pooja Patel",pooja.patel25@gmail.com,Delhi,2023-05-09
1434,"Lata Yadav",lata.yadav3@yahoo.com,Kolkata,2021-05-18
1435,"Amit Saxena",amit.saxena5@hotmail.com,Faridabad,2021-04-10
1436,"Rohan Bansal",rohan.bansal57@yahoo.com,Agra,2022-03-21
1437,"Dinesh Modi",dinesh.modi8@yahoo.com,Ludhiana,2022-08-16
1438,"Arjun Shah",arjun.shah94@rediffmail.com,Surat,2022-10-19
1439,"Ritu Agarwal",ritu.agarwal19@rediffmail.com,Jaipur,2023-04-27
1440,"Kavya Patel",kavya.patel8@rediffmail.com,Nashik,2021-12-25
1441,"Harish Tiwari",harish.tiwari55@rediffmail.com,Vadodara,2021-04-07
1442,"Aditya Mishra",aditya.mishra86@hotmail.com,Ludhiana,2022-10-15
1443,"Suresh Nair",suresh.nair39@hotmail.com,Pune,2023-08-28
1444,"Ritu Modi",ritu.modi29@outlook.com,Chennai,2023-08-07
1445,"Suresh Iyer",suresh.iyer72@rediffmail.com,Chennai,2023-03-07
1446,"Manoj Modi",manoj.modi48@gmail.com,Agra,2022-01-26
1447,"Vikram Tiwari",vikram.tiwari78@rediffmail.com,Delhi,2021-05-30
1448,"Ramesh Tiwari",ramesh.tiwari72@yahoo.com,Vadodara,2022-03-04
1449,"Simran Agarwal",simran.agarwal2@yahoo.com,Kolkata,2021-08-29
1450,"Asha Yadav",asha.yadav62@yahoo.com,Faridabad,2022-02-23
1451,"Preeti Malhotra",preeti.malhotra31@rediffmail.com,Surat,2022-08-03
1452,"Rajesh Mishra",rajesh.mishra46@outlook.com,Ahmedabad,2023-01-07
1453,"Sanjay Desai",sanjay.desai64@hotmail.com,Hyderabad,2023-08-20
1454,"Dinesh Shah",dinesh.shah41@yahoo.com,Nagpur,2022-10-03
1455,"Arjun Chauhan",arjun.chauhan19@gmail.com,Ahmedabad,2023-05-06
1456,"Tarun Nair",tarun.nair26@outlook.com,Jaipur,2023-02-17
1457,"Arun Shah",arun.shah32@hotmail.com,Agra,2022-11-23
1458,"Siddharth Yadav",siddharth.yadav63@hotmail.com,Patna,2021-12-11
1459,"Ramesh Kumar",ramesh.kumar46@yahoo.com,Chennai,2023-09-28
1460,"Anjali Malhotra",anjali.malhotra70@gmail.com,Ludhiana,2021-03-11
1461,"Karan Shah",karan.shah86@gmail.com,Mumbai,2023-04-25
1462,"Vikas Shah",vikas.shah81@yahoo.com,Bangalore,2021-11-06
1463,"Sanjay Pillai",sanjay.pillai48@gmail.com,Faridabad,2023-09-17
1464,"Priya Sharma",priya.sharma69@rediffmail.com,Bhopal,2021-01-25
1465,"Priya Roy",priya.roy93@outlook.com,Agra,2022-08-11
1466,"Mahesh Tiwari",mahesh.tiwari56@yahoo.com,Hyderabad,2021-07-17
1467,"Kavita Nair",kavita.nair31@yahoo.com,Faridabad,2023-12-15
1468,"Aditya Patel",aditya.patel51@gmail.com,Nagpur,2023-04-12
1469,"Sunita Bhatt",sunita.bhatt32@yahoo.com,Lucknow,2021-06-15
1470,"Anita Modi",anita.modi84@gmail.com,Bangalore,2023-04-11
1471,"Seema Singh",seema.singh8@gmail.com,Pune,2021-06-19
1472,"Rekha Modi",rekha.modi56@outlook.com,Nashik,2021-07-15
1473,"Kavita Malhotra",kavita.malhotra6@yahoo.com,Kolkata,2023-09-01
1474,"Karan Tiwari",karan.tiwari36@rediffmail.com,Nashik,2021-03-09
1475,"Raj Sharma",raj.sharma27@rediffmail.com,Chennai,2023-03-27
1476,"Rahul Bhatt",rahul.bhatt31@rediffmail.com,Indore,2022-11-11
1477,"Vikram Yadav",vikram.yadav95@yahoo.com,Bangalore,2023-10-23
1478,"Asha Kulkarni",asha.kulkarni7@gmail.com,Bhopal,2022-04-21
1479,"Karan Srivastava",karan.srivastava78@rediffmail.com,Faridabad,2023-03-24
1480,"Savita Srivastava",savita.srivastava4@outlook.com,Patna,2023-10-02
1481,"Arjun Kulkarni",arjun.kulkarni71@hotmail.com,Bhopal,2022-01-16
1482,"Swati Bhatt",swati.bhatt85@hotmail.com,Bangalore,2022-08-28
1483,"Ritu Pandey",ritu.pandey10@gmail.com,Ahmedabad,2021-11-12
1484,"Vikram Pandey",vikram.pandey82@yahoo.com,Indore,2022-10-11
1485,"Divya Sharma",divya.sharma40@hotmail.com,Nagpur,2022-07-07
1486,"Divya Joshi",divya.joshi56@hotmail.com,Agra,2023-11-16
1487,"Suresh Reddy",suresh.reddy4@gmail.com,Nagpur,2021-07-10
1488,"Vikram Sharma",vikram.sharma38@hotmail.com,Indore,2021-06-23
1489,"Ramesh Desai",ramesh.desai72@yahoo.com,Nashik,2023-12-04
1490,"Vikram Joshi",vikram.joshi18@outlook.com,Lucknow,2022-07-04
1491,"Rekha Nair",rekha.nair9@yahoo.com,Bhopal,2022-07-20
1492,"Suresh Agarwal",suresh.agarwal62@gmail.com,Nagpur,2022-05-31
1493,"Harish Singh",harish.singh77@rediffmail.com,Kolkata,2023-07-27
1494,"Kavya Sharma",kavya.sharma51@outlook.com,Faridabad,2023-02-18
1495,"Simran Pillai",simran.pillai43@hotmail.com,Faridabad,2021-10-06
1496,"Kavya Srivastava",kavya.srivastava78@yahoo.com,Vadodara,2022-10-06
1497,"Anjali Bansal",anjali.bansal41@outlook.com,Vadodara,2022-05-12
1498,"Meera Shah",meera.shah51@outlook.com,Hyderabad,2022-02-14
1499,"Savita Chopra",savita.chopra4@hotmail.com,Kolkata,2023-06-17
1500,"Tarun Shah",tarun.shah89@gmail.com,Bhopal,2023-10-20
1501,"Vikas Mishra",vikas.mishra39@yahoo.com,Ahmedabad,2021-11-12
1502,"Vikram Mehta",vikram.mehta58@rediffmail.com,Vadodara,2023-04-01
1503,"Rajesh Roy",rajesh.roy89@hotmail.com,Agra,2021-03-17
1504,"Nisha Pandey",nisha.pandey69@rediffmail.com,Bangalore,2021-08-12
1505,"Savita Gupta",savita.gupta85@outlook.com,Pune,2021-04-01
1506,"Swati Mishra",swati.mishra52@outlook.com,Bhopal,2021-08-05
1507,"Aarav Reddy",aarav.reddy34@yahoo.com,Ludhiana,2023-11-29
1508,"Seema Bhatt",seema.bhatt89@rediffmail.com,Jaipur,2023-07-02
1509,"Nisha Bansal",nisha.bansal60@rediffmail.com,Ludhiana,2021-11-05
1510,"Aditya Sharma",aditya.sharma62@gmail.com,Lucknow,2023-05-02
1511,"Divya Reddy",divya.reddy94@yahoo.com,Nagpur,2022-10-01
1512,"Shreya Roy",shreya.roy62@outlook.com,Vadodara,2021-07-19
1513,"Manoj Chauhan",manoj.chauhan90@hotmail.com,Surat,2021-05-18
1514,"Kavya Verma",kavya.verma91@gmail.com,Mumbai,2022-12-04
1515,"Anita Reddy",anita.reddy87@yahoo.com,Jaipur,2023-11-23
1516,"Anjali Chopra",anjali.chopra21@outlook.com,Agra,2023-05-24
1517,"Preeti Mishra",preeti.mishra24@yahoo.com,Bhopal,2023-03-22
1518,"Priya Chauhan",priya.chauhan79@yahoo.com,Patna,2023-05-30
1519,"Shweta Das",shweta.das27@outlook.com,Bangalore,2021-07-28
1520,"Rajesh Joshi",rajesh.joshi47@outlook.com,Kolkata,2023-07-27
1521,"Neha Patel",neha.patel86@hotmail.com,Ludhiana,2022-10-04
1522,"Sunil Bansal",sunil.bansal79@hotmail.com,Nashik,2021-08-22
1523,"Aditya Kulkarni",aditya.kulkarni59@rediffmail.com,Pune,2022-09-02
1524,"Lata Bhatt",lata.bhatt11@yahoo.com,Surat,2021-08-30
1525,"Neha Joshi",neha.joshi48@yahoo.com,Ludhiana,2023-03-07
1526,"Suresh Saxena",suresh.saxena18@rediffmail.com,Indore,2023-05-17
1527,"Mahesh Malhotra",mahesh.malhotra83@yahoo.com,Agra,2021-12-08
1528,"Rekha Agarwal",rekha.agarwal18@yahoo.com,Surat,2023-07-13
1529,"Mohit Shah",mohit.shah50@rediffmail.com,Ludhiana,2023-10-11
1530,"Rekha Iyer",rekha.iyer91@hotmail.com,Vadodara,2021-12-09
1531,"Priya Kumar",priya.kumar98@yahoo.com,Lucknow,2021-03-08
1532,"Meera Gupta",meera.gupta69@outlook.com,Pune,2023-07-26
1533,"Arun Chauhan",arun.chauhan99@hotmail.com,Agra,2023-11-13
1534,"Neha Bhatt",neha.bhatt15@outlook.com,Agra,2023-01-22
1535,"Rajesh Shah",rajesh.shah97@gmail.com,Patna,2022-03-24
1536,"Asha Shah",asha.shah84@yahoo.com,Lucknow,2021-03-08
1537,"Manoj Patel",manoj.patel45@gmail.com,Patna,2021-08-29
1538,"Shweta Saxena",shweta.saxena81@hotmail.com,Pune,2021-10-13
1539,"Shreya Shah",shreya.shah27@gmail.com,Nashik,2022-12-20
1540,"Rajesh Patel",rajesh.patel77@rediffmail.com,Pune,2022-10-25
1541,"Swati Shah",swati.shah13@yahoo.com,Bhopal,2021-05-02
1542,"Mahesh Modi",mahesh.modi17@yahoo.com,Chennai,2022-10-22
1543,"Swati Bansal",swati.bansal63@yahoo.com,Nashik,2022-07-05
1544,"Harish Iyer",harish.iyer49@hotmail.com,Bangalore,2021-07-10
1545,"Asha Patel",asha.patel89@outlook.com,Patna,2023-09-27
1546,"Aarav Modi",aarav.modi94@gmail.com,Patna,2023-01-04
1547,"Karan Kumar",karan.kumar69@hotmail.com,Kolkata,2023-05-30
1548,"Shreya Singh",shreya.singh35@outlook.com,Lucknow,2022-11-23
1549,"Vikas Bhatt",vikas.bhatt63@outlook.com,Delhi,2021-04-05
1550,"Amit Mishra",amit.mishra59@gmail.com,Hyderabad,2021-11-20
1551,"Aarav Iyer",aarav.iyer26@yahoo.com,Lucknow,2021-11-22
1552,"Meera Mehta",meera.mehta84@outlook.com,Ahmedabad,2021-06-18
1553,"Nisha Tiwari",nisha.tiwari84@yahoo.com,Delhi,2023-03-23
1554,"Harish Agarwal",harish.agarwal93@yahoo.com,Bhopal,2021-07-06
1555,"Shweta Reddy",shweta.reddy1@yahoo.com,Vadodara,2021-06-09
1556,"Arjun Roy",arjun.roy88@hotmail.com,Mumbai,2021-01-17
1557,"Mahesh Srivastava",mahesh.srivastava16@hotmail.com,Chennai,2023-09-06
1558,"Karan Gupta",karan.gupta50@gmail.com,Hyderabad,2021-07-31
1559,"Raj Kulkarni",raj.kulkarni39@yahoo.com,Indore,2021-09-30
1560,"Anita Tiwari",anita.tiwari19@gmail.com,Ludhiana,2021-01-18
1561,"Lata Mishra",lata.mishra22@hotmail.com,Nagpur,2022-03-13
1562,"Harish Chauhan",harish.chauhan20@hotmail.com,Faridabad,2023-06-26
1563,"Shreya Mehta",shreya.mehta13@yahoo.com,Hyderabad,2023-02-26
1564,"Raj Kumar",raj.kumar18@yahoo.com,Ahmedabad,2021-06-22
1565,"Ritu Chopra",ritu.chopra77@rediffmail.com,Faridabad,2022-08-07
1566,"Savita Pandey",savita.pandey4@outlook.com,Kolkata,2023-11-27
1567,"Sunil Roy",sunil.roy25@hotmail.com,Lucknow,2021-04-22
1568,"Ritu Singh",ritu.singh50@gmail.com,Jaipur,2023-10-21
1569,"Aarav Kulkarni",aarav.kulkarni41@yahoo.com,Indore,2023-05-12
1570,"Swati Joshi",swati.joshi98@hotmail.com,Bangalore,2021-02-04
1571,"Usha Mehta",usha.mehta2@outlook.com,Kolkata,2021-03-23
1572,"Shweta Roy",shweta.roy99@hotmail.com,Bhopal,2023-04-04
1573,"Rajesh Chopra",rajesh.chopra79@yahoo.com,Ahmedabad,2021-06-21
1574,"Kavya Mehta",kavya.mehta66@yahoo.com,Chennai,2022-11-01
1575,"Preeti Bhatt",preeti.bhatt82@gmail.com,Lucknow,2023-06-15
1576,"Ritu Verma",ritu.verma32@gmail.com,Bhopal,2021-08-26
1577,"Sunita Saxena",sunita.saxena78@gmail.com,Lucknow,2021-12-26
1578,"Shweta Nair",shweta.nair90@gmail.com,Pune,2023-10-14
1579,"Kavita Kumar",kavita.kumar93@outlook.com,Pune,2023-02-01
1580,"Savita Modi",savita.modi35@gmail.com,Mumbai,2022-11-18
1581,"Geeta Patel",geeta.patel68@gmail.com,Ahmedabad,2021-06-07
1582,"Rekha Pillai",rekha.pillai66@outlook.com,Delhi,2023-10-21
1583,"Arun Joshi",arun.joshi48@yahoo.com,Ahmedabad,2021-07-30
1584,"Ramesh Reddy",ramesh.reddy30@rediffmail.com,Mumbai,2021-04-01
1585,"Aarav Gupta",aarav.gupta6@hotmail.com,Nagpur,2023-02-24
1586,"Rohan Chopra",rohan.chopra92@hotmail.com,Jaipur,2022-10-22
1587,"Ritu Iyer",ritu.iyer93@outlook.com,Ahmedabad,2021-06-09
1588,"Arun Kulkarni",arun.kulkarni16@rediffmail.com,Delhi,2022-01-03
1589,"Arjun Kumar",arjun.kumar67@gmail.com,Indore,2021-05-22
1590,"Sunita Modi",sunita.modi37@outlook.com,Surat,2021-06-26
1591,"Arun Kumar",arun.kumar39@rediffmail.com,Jaipur,2023-08-09
1592,"Rekha Yadav",rekha.yadav26@rediffmail.com,Jaipur,2021-11-05
1593,"Aarav Malhotra",aarav.malhotra53@gmail.com,Jaipur,2022-12-11
1594,"Mahesh Desai",mahesh.desai2@outlook.com,Mumbai,2023-02-10
1595,"Rekha Verma",rekha.verma19@outlook.com,Bangalore,2021-03-31
1596,"Arjun Desai",arjun.desai67@hotmail.com,Nagpur,2023-07-28
1597,"Asha Mehta",asha.mehta75@gmail.com,Ludhiana,2021-10-01
1598,"Preeti Mehta",preeti.mehta76@rediffmail.com,Delhi,2023-06-10
1599,"Girish Nair",girish.nair31@outlook.com,Ahmedabad,2022-10-08
1600,"Preeti Pandey",preeti.pandey95@outlook.com,Surat,2023-07-17
1601,"Karan Das",karan.das18@rediffmail.com,Hyderabad,2021-11-15
1602,"Amit Joshi",amit.joshi58@hotmail.com,Surat,2023-04-13
1603,"Aditya Yadav",aditya.yadav27@hotmail.com,Lucknow,2023-08-07
1604,"Siddharth Modi",siddharth.modi16@gmail.com,Pune,2022-09-16
1605,"Shweta Pandey",shweta.pandey78@gmail.com,Kolkata,2022-11-03
1606,"Pooja Mehta",pooja.mehta92@yahoo.com,Nagpur,2023-03-23
1607,"Sanjay Verma",sanjay.verma87@outlook.com,Ahmedabad,2021-12-23
1608,"Priya Bansal",priya.bansal58@rediffmail.com,Agra,2022-05-27
1609,"Amit Pillai",amit.pillai14@yahoo.com,Hyderabad,2021-01-25
1610,"Sneha Shah",sneha.shah29@yahoo.com,Kolkata,2023-04-01
1611,"Usha Patel",usha.patel10@gmail.com,Bangalore,2022-02-09
1612,"Anita Pillai",anita.pillai17@gmail.com,Surat,2021-09-08
1613,"Arun Iyer",arun.iyer93@hotmail.com,Vadodara,2021-03-02
1614,"Geeta Joshi",geeta.joshi46@yahoo.com,Pune,2022-07-18
1615,"Pooja Verma",pooja.verma79@rediffmail.com,Faridabad,2022-05-19
1616,"Anita Agarwal",anita.agarwal64@hotmail.com,Agra,2023-09-09
1617,"Sneha Mehta",sneha.mehta36@hotmail.com,Chennai,2023-05-09
1618,"Mohit Mishra",mohit.mishra68@yahoo.com,Agra,2021-02-09
1619,"Vikram Kumar",vikram.kumar92@outlook.com,Vadodara,2023-09-20
1620,"Arun Roy",arun.roy42@hotmail.com,Ahmedabad,2022-01-04
1621,"Priya Srivastava",priya.srivastava77@yahoo.com,Mumbai,2022-07-30
1622,"Usha Gupta",usha.gupta21@gmail.com,Jaipur,2022-05-09
1623,"Meera Chopra",meera.chopra95@gmail.com,Jaipur,2023-03-07
1624,"Anjali Joshi",anjali.joshi31@rediffmail.com,Surat,2023-01-05
1625,"Usha Sharma",usha.sharma91@outlook.com,Nashik,2021-10-19
1626,"Arun Das",arun.das64@rediffmail.com,Lucknow,2021-12-26
1627,"Divya Verma",divya.verma30@rediffmail.com,Jaipur,2021-02-10
1628,"Kavita Singh",kavita.singh1@outlook.com,Faridabad,2022-02-17
1629,"Vikas Srivastava",vikas.srivastava92@yahoo.com,Surat,2021-05-02
1630,"Usha Pandey",usha.pandey19@gmail.com,Ludhiana,2023-01-18
1631,"Karan Kulkarni",karan.kulkarni91@hotmail.com,Nashik,2021-07-26
1632,"Raj Nair",raj.nair21@hotmail.com,Vadodara,2022-10-12
1633,"Anjali Pandey",anjali.pandey72@rediffmail.com,Nagpur,2022-04-03
1634,"Girish Bhatt",girish.bhatt23@hotmail.com,Lucknow,2022-08-27
1635,"Vikas Joshi",vikas.joshi94@gmail.com,Nashik,2023-03-13
1636,"Rohan Joshi",rohan.joshi78@outlook.com,Faridabad,2022-03-29
1637,"Harish Bhatt",harish.bhatt14@hotmail.com,Chennai,2022-11-10
1638,"Ritu Kulkarni",ritu.kulkarni41@yahoo.com,Bangalore,2022-11-19
1639,"Manoj Sharma",manoj.sharma34@yahoo.com,Jaipur,2021-05-19
1640,"Amit Chauhan",amit.chauhan1@gmail.com,Indore,2023-06-17
1641,"Rahul Desai",rahul.desai53@hotmail.com,Indore,2022-12-21
1642,"Arjun Joshi",arjun.joshi58@gmail.com,Delhi,2022-08-27
1643,"Ramesh Mehta",ramesh.mehta71@gmail.com,Surat,2023-09-16
1644,"Shweta Sharma",shweta.sharma56@yahoo.com,Faridabad,2023-06-09
1645,"Rahul Verma",rahul.verma13@outlook.com,Kolkata,2022-01-25
1646,"Suresh Pandey",suresh.pandey71@rediffmail.com,Ahmedabad,2022-07-31
1647,"Kavya Gupta",kavya.gupta13@gmail.com,Indore,2023-10-03
1648,"Nisha Sharma",nisha.sharma55@gmail.com,Lucknow,2023-09-11
1649,"Priya Das",priya.das22@outlook.com,Bangalore,2023-08-28
1650,"Neha Agarwal",neha.agarwal51@hotmail.com,Vadodara,2022-06-27
1651,"Anjali Kulkarni",anjali.kulkarni49@outlook.com,Pune,2023-07-02
1652,"Rohan Patel",rohan.patel57@hotmail.com,Ahmedabad,2022-04-09
1653,"Meera Bhatt",meera.bhatt8@yahoo.com,Hyderabad,2021-06-25
1654,"Girish Kulkarni",girish.kulkarni70@hotmail.com,Nashik,2022-04-11
1655,"Seema Verma",seema.verma50@rediffmail.com,Bhopal,2023-08-31
1656,"Arun Desai",arun.desai31@hotmail.com,Lucknow,2021-06-11
1657,"Preeti Desai",preeti.desai92@gmail.com,Ludhiana,2023-11-25
1658,"Lata Nair",lata.nair16@hotmail.com,Pune,2021-12-09
1659,"Shreya Kumar",shreya.kumar25@yahoo.com,Delhi,2023-05-18
1660,"Geeta Das",geeta.das81@yahoo.com,Faridabad,2022-06-13
1661,"Raj Malhotra",raj.malhotra94@gmail.com,Bangalore,2023-03-06
1662,"Seema Srivastava",seema.srivastava36@rediffmail.com,Patna,2021-01-26
1663,"Usha Roy",usha.roy54@gmail.com,Bhopal,2021-11-03
1664,"Pooja Bhatt",pooja.bhatt76@rediffmail.com,Hyderabad,2021-08-05
1665,"Arun Yadav",arun.yadav13@outlook.com,Agra,2022-12-06
1666,"Vikram Mishra",vikram.mishra63@rediffmail.com,Faridabad,2023-08-27
1667,"Meera Bansal",meera.bansal19@rediffmail.com,Faridabad,2023-04-03
1668,"Simran Pandey",simran.pandey31@gmail.com,Vadodara,2022-07-05
1669,"Simran Shah",simran.shah39@outlook.com,Ahmedabad,2023-10-04
1670,"Kavya Chauhan",kavya.chauhan57@outlook.com,Ahmedabad,2023-05-04
1671,"Sunil Mishra",sunil.mishra12@yahoo.com,Patna,2022-03-09
1672,"Suresh Chauhan",suresh.chauhan63@rediffmail.com,Nagpur,2021-04-26
1673,"Rahul Mehta",rahul.mehta40@rediffmail.com,Indore,2021-10-05
1674,"Arun Sharma",arun.sharma23@yahoo.com,Kolkata,2021-04-29
1675,"Sunita Verma",sunita.verma47@yahoo.com,Ahmedabad,2023-01-25
1676,"Sunita Roy",sunita.roy51@gmail.com,Mumbai,2022-05-11
1677,"Nisha Singh",nisha.singh77@hotmail.com,Pune,2023-08-30
1678,"Rahul Shah",rahul.shah34@gmail.com,Lucknow,2021-02-26
1679,"Vikram Verma",vikram.verma21@rediffmail.com,Kolkata,2022-03-30
1680,"Anita Gupta",anita.gupta87@yahoo.com,Ahmedabad,2023-04-19
1681,"Sanjay Sharma",sanjay.sharma99@gmail.com,Vadodara,2021-09-28
1682,"Anita Joshi",anita.joshi77@gmail.com,Jaipur,2022-06-01
1683,"Sunil Kumar",sunil.kumar40@outlook.com,Bhopal,2023-02-11
1684,"Aditya Pillai",aditya.pillai33@yahoo.com,Patna,2022-09-11
1685,"Lata Bansal",lata.bansal75@gmail.com,Mumbai,2023-11-14
1686,"Anita Saxena",anita.saxena78@outlook.com,Lucknow,2021-08-10
1687,"Deepak Mehta",deepak.mehta44@outlook.com,Surat,2022-07-22
1688,"Shweta Desai",shweta.desai84@outlook.com,Kolkata,2021-11-04
1689,"Kavita Yadav",kavita.yadav31@gmail.com,Faridabad,2023-04-08
1690,"Girish Srivastava",girish.srivastava88@yahoo.com,Mumbai,2023-10-16
1691,"Tarun Patel",tarun.patel54@hotmail.com,Indore,2021-03-14
1692,"Mohit Srivastava",mohit.srivastava93@yahoo.com,Agra,2023-09-02
1693,"Sanjay Agarwal",sanjay.agarwal22@rediffmail.com,Pune,2022-08-25
1694,"Amit Singh",amit.singh17@outlook.com,Agra,2022-01-10
1695,"Swati Desai",swati.desai43@gmail.com,Jaipur,2022-12-29
1696,"Kavya Iyer",kavya.iyer43@outlook.com,Ahmedabad,2022-08-26
1697,"Neha Singh",neha.singh7@rediffmail.com,Nashik,2021-05-26
1698,"Deepak Desai",deepak.desai25@rediffmail.com,Hyderabad,2023-02-21
1699,"Kavita Agarwal",kavita.agarwal53@gmail.com,Chennai,2021-10-09
1700,"Sunita Nair",sunita.nair41@yahoo.com,Bangalore,2023-09-26
1701,"Simran Mishra",simran.mishra23@outlook.com,Delhi,2021-01-10
1702,"Shreya Yadav",shreya.yadav22@rediffmail.com,Pune,2023-09-30
1703,"Divya Nair",divya.nair79@hotmail.com,Bhopal,2023-04-07
1704,"Geeta Singh",geeta.singh50@gmail.com,Delhi,2023-12-30
1705,"Mohit Chauhan",mohit.chauhan48@gmail.com,Surat,2023-12-24
1706,"Mohit Sharma",mohit.sharma87@gmail.com,Jaipur,2022-04-09
1707,"Aditya Agarwal",aditya.agarwal17@gmail.com,Indore,2023-10-28
1708,"Usha Agarwal",usha.agarwal22@gmail.com,Delhi,2022-09-03
1709,"Ramesh Roy",ramesh.roy77@rediffmail.com,Surat,2023-06-08
1710,"Swati Nair",swati.nair44@hotmail.com,Nagpur,2022-01-21
1711,"Rahul Malhotra",rahul.malhotra52@gmail.com,Jaipur,2022-04-05
1712,"Ramesh Nair",ramesh.nair28@gmail.com,Nashik,2023-10-31
1713,"Rahul Reddy",rahul.reddy47@gmail.com,Indore,2022-06-08
1714,"Sunil Verma",sunil.verma85@gmail.com,Mumbai,2021-04-09
1715,"Mahesh Reddy",mahesh.reddy54@hotmail.com,Indore,2021-09-11
1716,"Seema Patel",seema.patel61@yahoo.com,Kolkata,2021-01-20
1717,"Girish Reddy",girish.reddy85@rediffmail.com,Ahmedabad,2021-10-08
1718,"Suresh Shah",suresh.shah14@rediffmail.com,Faridabad,2021-08-30
1719,"Ritu Sharma",ritu.sharma2@gmail.com,Hyderabad,2023-10-09
1720,"Savita Roy",savita.roy10@gmail.com,Ahmedabad,2022-04-19
1721,"Siddharth Pillai",siddharth.pillai7@gmail.com,Pune,2021-03-22
1722,"Swati Srivastava",swati.srivastava55@gmail.com,Hyderabad,2021-04-04
1723,"Vikas Tiwari",vikas.tiwari83@yahoo.com,Surat,2023-01-03
1724,"Manoj Saxena",manoj.saxena35@gmail.com,Nagpur,2022-12-03
1725,"Anjali Reddy",anjali.reddy52@hotmail.com,Patna,2022-07-11
1726,"Suresh Malhotra",suresh.malhotra76@hotmail.com,Nashik,2023-06-17
1727,"Anjali Saxena",anjali.saxena49@outlook.com,Faridabad,2021-03-01
1728,"Rekha Reddy",rekha.reddy53@hotmail.com,Delhi,2021-05-10
1729,"Shweta Modi",shweta.modi87@rediffmail.com,Nashik,2022-04-04
1730,"Simran Roy",simran.roy67@rediffmail.com,Hyderabad,2023-06-06
1731,"Girish Chauhan",girish.chauhan32@hotmail.com,Nagpur,2023-02-28
1732,"Aarav Mishra",aarav.mishra21@rediffmail.com,Vadodara,2023-10-13
1733,"Dinesh Singh",dinesh.singh42@yahoo.com,Surat,2022-07-24
1734,"Sneha Roy",sneha.roy29@rediffmail.com,Indore,2023-04-06
1735,"Ritu Mehta",ritu.mehta59@hotmail.com,Nashik,2023-07-07
1736,"Divya Modi",divya.modi64@hotmail.com,Surat,2021-09-01
1737,"Rekha Chauhan",rekha.chauhan84@gmail.com,Hyderabad,2023-04-07
1738,"Seema Chopra",seema.chopra1@gmail.com,Faridabad,2022-09-16
1739,"Sanjay Chopra",sanjay.chopra27@hotmail.com,Surat,2023-01-15
1740,"Sunita Srivastava",sunita.srivastava72@rediffmail.com,Faridabad,2023-08-27
1741,"Shweta Tiwari",shweta.tiwari47@hotmail.com,Hyderabad,2021-07-19
1742,"Arjun Sharma",arjun.sharma44@outlook.com,Lucknow,2023-12-06
1743,"Amit Verma",amit.verma22@hotmail.com,Chennai,2023-04-19
1744,"Amit Patel",amit.patel79@yahoo.com,Kolkata,2021-09-05
1745,"Preeti Das",preeti.das59@yahoo.com,Surat,2021-08-09
1746,"Dinesh Iyer",dinesh.iyer6@rediffmail.com,Hyderabad,2023-07-12
1747,"Aarav Roy",aarav.roy95@gmail.com,Agra,2023-06-06
1748,"Sanjay Yadav",sanjay.yadav23@rediffmail.com,Pune,2021-09-20
1749,"Amit Bansal",amit.bansal85@rediffmail.com,Faridabad,2022-10-22
1750,"Vikram Iyer",vikram.iyer78@yahoo.com,Ahmedabad,2023-03-26
1751,"Manoj Kumar",manoj.kumar18@yahoo.com,Bhopal,2023-11-16
1752,"Kavya Shah",kavya.shah90@rediffmail.com,Surat,2022-03-22
1753,"Mohit Das",mohit.das80@outlook.com,Nagpur,2021-09-29
1754,"Anjali Roy",anjali.roy70@outlook.com,Hyderabad,2022-12-23
1755,"Usha Bhatt",usha.bhatt86@hotmail.com,Agra,2022-08-09
1756,"Amit Sharma",amit.sharma49@yahoo.com,Delhi,2021-04-26
1757,"Mohit Patel",mohit.patel97@yahoo.com,Lucknow,2022-05-29
1758,"Sneha Pandey",sneha.pandey38@yahoo.com,Agra,2021-03-08
1759,"Aditya Shah",aditya.shah58@gmail.com,Faridabad,2022-04-05
1760,"Asha Mishra",asha.mishra72@hotmail.com,Jaipur,2023-11-13
1761,"Sneha Malhotra",sneha.malhotra49@hotmail.com,Bhopal,2022-10-03
1762,"Lata Modi",lata.modi57@yahoo.com,Nagpur,2022-02-07
1763,"Savita Chauhan",savita.chauhan25@outlook.com,Patna,2021-12-30
1764,"Swati Mehta",swati.mehta24@yahoo.com,Ludhiana,2021-09-02
1765,"Usha Modi",usha.modi33@gmail.com,Surat,2023-08-14
1766,"Shweta Malhotra",shweta.malhotra20@gmail.com,Chennai,2022-10-23
1767,"Savita Malhotra",savita.malhotra81@rediffmail.com,Lucknow,2023-10-02
1768,"Arun Chopra",arun.chopra46@gmail.com,Surat,2023-12-13
1769,"Kavita Mehta",kavita.mehta65@yahoo.com,Bhopal,2023-04-07
1770,"Simran Srivastava",simran.srivastava47@outlook.com,Kolkata,2023-12-23
1771,"Manoj Gupta",manoj.gupta83@rediffmail.com,Faridabad,2022-05-15
1772,"Siddharth Chopra",siddharth.chopra93@outlook.com,Mumbai,2023-11-25
1773,"Tarun Desai",tarun.desai84@yahoo.com,Surat,2023-11-19
1774,"Rahul Yadav",rahul.yadav69@rediffmail.com,Mumbai,2021-05-15
1775,"Harish Yadav",harish.yadav28@hotmail.com,Hyderabad,2022-02-26
1776,"Geeta Mishra",geeta.mishra10@yahoo.com,Mumbai,2023-07-30
1777,"Shweta Srivastava",shweta.srivastava5@gmail.com,Bangalore,2021-04-22
1778,"Anjali Kumar",anjali.kumar33@rediffmail.com,Bangalore,2022-04-12
1779,"Siddharth Iyer",siddharth.iyer50@hotmail.com,Indore,2023-06-06
1780,"Ramesh Saxena",ramesh.saxena9@rediffmail.com,Delhi,2021-05-29
1781,"Sanjay Reddy",sanjay.reddy38@outlook.com,Faridabad,2021-06-27
1782,"Manoj Bansal",manoj.bansal51@gmail.com,Vadodara,2021-11-17
1783,"Rajesh Gupta",rajesh.gupta18@hotmail.com,Agra,2022-08-28
1784,"Harish Nair",harish.nair39@outlook.com,Mumbai,2021-10-17
1785,"Neha Verma",neha.verma1@rediffmail.com,Faridabad,2023-03-19
1786,"Divya Agarwal",divya.agarwal27@outlook.com,Kolkata,2023-04-26
1787,"Rahul Joshi",rahul.joshi29@rediffmail.com,Ahmedabad,2022-02-02
1788,"Sneha Modi",sneha.modi97@rediffmail.com,Patna,2021-05-30
1789,"Karan Patel",karan.patel13@yahoo.com,Nashik,2023-09-25
1790,"Simran Kulkarni",simran.kulkarni17@yahoo.com,Hyderabad,2022-08-07
1791,"Simran Saxena",simran.saxena85@outlook.com,Nashik,2021-11-09
1792,"Arun Bhatt",arun.bhatt47@outlook.com,Bhopal,2021-12-12
1793,"Aarav Srivastava",aarav.srivastava32@yahoo.com,Bhopal,2022-07-21
1794,"Nisha Nair",nisha.nair87@outlook.com,Vadodara,2023-08-06
1795,"Manoj Kulkarni",manoj.kulkarni40@hotmail.com,Agra,2021-08-11
1796,"Anjali Mishra",anjali.mishra78@gmail.com,Ahmedabad,2021-10-14
1797,"Rajesh Das",rajesh.das34@gmail.com,Bangalore,2021-02-08
1798,"Preeti Yadav",preeti.yadav76@yahoo.com,Delhi,2022-06-18
1799,"Rajesh Singh",rajesh.singh84@yahoo.com,Nagpur,2023-03-15
1800,"Sanjay Mehta",sanjay.mehta51@outlook.com,Ludhiana,2021-01-22
1801,"Girish Gupta",girish.gupta79@yahoo.com,Ludhiana,2021-10-15
1802,"Manoj Joshi",manoj.joshi23@rediffmail.com,Nashik,2021-10-27
1803,"Deepak Kulkarni",deepak.kulkarni6@yahoo.com,Vadodara,2022-04-20
1804,"Nisha Gupta",nisha.gupta6@yahoo.com,Ludhiana,2023-01-10
1805,"Vikram Singh",vikram.singh59@gmail.com,Delhi,2022-10-26
1806,"Amit Pandey",amit.pandey67@outlook.com,Ahmedabad,2021-12-23
1807,"Vikram Kulkarni",vikram.kulkarni76@gmail.com,Ludhiana,2022-05-31
1808,"Aditya Singh",aditya.singh62@rediffmail.com,Mumbai,2023-10-25
1809,"Vikas Pillai",vikas.pillai22@yahoo.com,Bangalore,2023-11-20
1810,"Shreya Nair",shreya.nair24@yahoo.com,Nagpur,2021-08-31
1811,"Suresh Kumar",suresh.kumar43@gmail.com,Vadodara,2023-09-08
1812,"Usha Joshi",usha.joshi83@hotmail.com,Mumbai,2022-05-15
1813,"Rohan Nair",rohan.nair74@rediffmail.com,Pune,2021-10-03
1814,"Rohan Desai",rohan.desai74@yahoo.com,Delhi,2021-12-07
1815,"Siddharth Malhotra",siddharth.malhotra24@rediffmail.com,Indore,2021-02-08
1816,"Ramesh Chauhan",ramesh.chauhan85@outlook.com,Bangalore,2022-03-20
1817,"Deepak Modi",deepak.modi62@yahoo.com,Jaipur,2023-04-22
1818,"Usha Shah",usha.shah99@yahoo.com,Faridabad,2023-11-13
1819,"Arjun Bansal",arjun.bansal50@yahoo.com,Hyderabad,2021-02-03
1820,"Sanjay Tiwari",sanjay.tiwari54@yahoo.com,Faridabad,2021-07-17
1821,"Lata Saxena",lata.saxena5@rediffmail.com,Ludhiana,2021-08-29
1822,"Divya Singh",divya.singh85@yahoo.com,Faridabad,2021-01-03
1823,"Anita Iyer",anita.iyer67@hotmail.com,Nagpur,2021-03-30
1824,"Mahesh Roy",mahesh.roy55@yahoo.com,Vadodara,2023-02-20
1825,"Aditya Bhatt",aditya.bhatt95@rediffmail.com,Hyderabad,2023-05-22
1826,"Vikas Patel",vikas.patel62@yahoo.com,Bangalore,2022-08-04
1827,"Sunil Desai",sunil.desai70@hotmail.com,Ahmedabad,2022-01-23
1828,"Aarav Pandey",aarav.pandey96@gmail.com,Nashik,2023-12-07
1829,"Neha Roy",neha.roy1@hotmail.com,Kolkata,2022-10-09
1830,"Suresh Kulkarni",suresh.kulkarni14@yahoo.com,Bhopal,2022-06-04
1831,"Lata Patel",lata.patel88@hotmail.com,Kolkata,2023-04-27
1832,"Seema Kumar",seema.kumar72@hotmail.com,Pune,2023-01-29
1833,"Deepak Patel",deepak.patel40@rediffmail.com,Nagpur,2023-03-27
1834,"Asha Nair",asha.nair85@gmail.com,Jaipur,2023-07-04
1835,"Mahesh Joshi",mahesh.joshi13@yahoo.com,Ludhiana,2023-04-01
1836,"Simran Kumar",simran.kumar71@rediffmail.com,Delhi,2021-11-26
1837,"Aarav Kumar",aarav.kumar12@yahoo.com,Vadodara,2023-06-11
1838,"Siddharth Gupta",siddharth.gupta48@gmail.com,Faridabad,2021-03-19
1839,"Ramesh Bansal",ramesh.bansal52@rediffmail.com,Ludhiana,2022-08-10
1840,"Sneha Yadav",sneha.yadav23@hotmail.com,Patna,2021-01-22
1841,"Mohit Modi",mohit.modi85@rediffmail.com,Lucknow,2022-02-03
1842,"Kavita Pandey",kavita.pandey30@rediffmail.com,Pune,2021-03-15
1843,"Anita Sharma",anita.sharma21@gmail.com,Ahmedabad,2023-03-30
1844,"Aditya Tiwari",aditya.tiwari51@hotmail.com,Nashik,2022-02-15
1845,"Kavita Sharma",kavita.sharma95@gmail.com,Bangalore,2022-08-06
1846,"Ramesh Shah",ramesh.shah72@rediffmail.com,Nagpur,2022-12-13
1847,"Sunil Das",sunil.das59@hotmail.com,Nashik,2021-01-10
1848,"Neha Kumar",neha.kumar66@outlook.com,Agra,2022-05-28
1849,"Mahesh Pillai",mahesh.pillai49@rediffmail.com,Vadodara,2022-05-14
1850,"Savita Pillai",savita.pillai88@hotmail.com,Nashik,2021-02-26
1851,"Siddharth Mehta",siddharth.mehta49@yahoo.com,Jaipur,2022-10-09
1852,"Kavita Chopra",kavita.chopra2@outlook.com,Jaipur,2022-08-12
1853,"Swati Chauhan",swati.chauhan44@gmail.com,Agra,2022-01-01
1854,"Aditya Das",aditya.das74@outlook.com,Pune,2022-01-25
1855,"Asha Gupta",asha.gupta34@yahoo.com,Jaipur,2022-02-20
1856,"Lata Kulkarni",lata.kulkarni20@gmail.com,Hyderabad,2021-06-10
1857,"Swati Tiwari",swati.tiwari64@rediffmail.com,Mumbai,2021-03-28
1858,"Lata Srivastava",lata.srivastava64@rediffmail.com,Ahmedabad,2023-10-03
1859,"Anjali Yadav",anjali.yadav66@outlook.com,Indore,2022-03-31
1860,"Rajesh Verma",rajesh.verma65@outlook.com,Indore,2021-12-24
1861,"Sunita Reddy",sunita.reddy90@rediffmail.com,Patna,2022-10-09
1862,"Mahesh Sharma",mahesh.sharma2@yahoo.com,Indore,2021-07-26
1863,"Deepak Saxena",deepak.saxena44@outlook.com,Pune,2023-10-19
1864,"Dinesh Kulkarni",dinesh.kulkarni47@hotmail.com,Ahmedabad,2023-07-13
1865,"Anjali Bhatt",anjali.bhatt17@rediffmail.com,Jaipur,2021-07-24
1866,"Ramesh Patel",ramesh.patel31@rediffmail.com,Bhopal,2023-02-20
1867,"Mohit Nair",mohit.nair95@yahoo.com,Vadodara,2021-01-20
1868,"Anjali Iyer",anjali.iyer64@yahoo.com,Ludhiana,2023-12-30
1869,"Preeti Reddy",preeti.reddy89@yahoo.com,Delhi,2022-03-18
1870,"Siddharth Singh",siddharth.singh81@gmail.com,Patna,2022-11-17
1871,"Siddharth Kulkarni",siddharth.kulkarni47@rediffmail.com,Agra,2022-06-12
1872,"Mohit Bhatt",mohit.bhatt74@rediffmail.com,Pune,2022-08-06
1873,"Aditya Srivastava",aditya.srivastava87@rediffmail.com,Vadodara,2023-07-05
1874,"Lata Agarwal",lata.agarwal60@yahoo.com,Pune,2022-11-22
1875,"Preeti Modi",preeti.modi10@gmail.com,Pune,2022-12-05
1876,"Arjun Srivastava",arjun.srivastava41@outlook.com,Ahmedabad,2023-03-21
1877,"Meera Desai",meera.desai57@outlook.com,Nashik,2023-12-03
1878,"Manoj Iyer",manoj.iyer22@yahoo.com,Mumbai,2021-09-14
1879,"Ramesh Gupta",ramesh.gupta85@outlook.com,Bangalore,2022-03-08
1880,"Amit Reddy",amit.reddy9@hotmail.com,Agra,2021-04-21
1881,"Priya Yadav",priya.yadav51@rediffmail.com,Bangalore,2021-08-01
1882,"Siddharth Saxena",siddharth.saxena20@gmail.com,Indore,2022-09-26
1883,"Asha Agarwal",asha.agarwal57@yahoo.com,Chennai,2023-12-15
1884,"Rahul Sharma",rahul.sharma5@outlook.com,Surat,2023-09-03
1885,"Rajesh Malhotra",rajesh.malhotra35@rediffmail.com,Patna,2021-10-04
1886,"Sunil Pillai",sunil.pillai81@rediffmail.com,Bhopal,2023-12-09
1887,"Rajesh Agarwal",rajesh.agarwal45@hotmail.com,Agra,2022-04-11
1888,"Divya Pillai",divya.pillai40@outlook.com,Bhopal,2022-06-17
1889,"Pooja Agarwal",pooja.agarwal2@gmail.com,Ludhiana,2021-10-07
1890,"Deepak Agarwal",deepak.agarwal2@hotmail.com,Lucknow,2022-04-19
1891,"Nisha Das",nisha.das53@rediffmail.com,Bhopal,2023-03-20
1892,"Ritu Joshi",ritu.joshi92@hotmail.com,Indore,2022-03-28
1893,"Ritu Roy",ritu.roy98@rediffmail.com,Ahmedabad,2022-08-07
1894,"Anita Chauhan",anita.chauhan69@outlook.com,Bhopal,2022-01-21
1895,"Karan Joshi",karan.joshi18@outlook.com,Hyderabad,2023-07-22
1896,"Lata Singh",lata.singh25@outlook.com,Mumbai,2021-11-08
1897,"Amit Agarwal",amit.agarwal35@yahoo.com,Patna,2021-01-17
1898,"Arjun Mehta",arjun.mehta20@gmail.com,Vadodara,2022-03-21
1899,"Rekha Kulkarni",rekha.kulkarni60@gmail.com,Surat,2021-06-14
1900,"Dinesh Nair",dinesh.nair8@outlook.com,Indore,2021-05-27
1901,"Anjali Das",anjali.das33@hotmail.com,Mumbai,2021-09-07
1902,"Rohan Das",rohan.das59@gmail.com,Ludhiana,2022-03-03
1903,"Deepak Bansal",deepak.bansal88@outlook.com,Surat,2021-11-21
1904,"Rohan Chauhan",rohan.chauhan71@rediffmail.com,Hyderabad,2022-06-03
1905,"Deepak Mishra",deepak.mishra39@yahoo.com,Nagpur,2021-04-17
1906,"Girish Das",girish.das15@yahoo.com,Bhopal,2022-10-27
1907,"Mahesh Singh",mahesh.singh89@rediffmail.com,Chennai,2023-01-31
1908,"Savita Mehta",savita.mehta32@yahoo.com,Vadodara,2021-07-07
1909,"Pooja Pandey",pooja.pandey69@gmail.com,Chennai,2023-09-27
1910,"Anita Yadav",anita.yadav45@hotmail.com,Kolkata,2021-02-13
1911,"Mahesh Bansal",mahesh.bansal46@yahoo.com,Ahmedabad,2021-03-22
1912,"Rekha Pandey",rekha.pandey57@rediffmail.com,Lucknow,2023-10-01
1913,"Seema Joshi",seema.joshi9@rediffmail.com,Chennai,2023-07-10
1914,"Aarav Yadav",aarav.yadav82@rediffmail.com,Indore,2022-01-15
1915,"Priya Saxena",priya.saxena47@rediffmail.com,Jaipur,2022-10-19
1916,"Girish Chopra",girish.chopra50@yahoo.com,Ludhiana,2023-10-16
1917,"Raj Reddy",raj.reddy13@rediffmail.com,Bangalore,2021-03-31
1918,"Anita Shah",anita.shah50@hotmail.com,Ludhiana,2022-06-09
1919,"Sneha Kulkarni",sneha.kulkarni29@rediffmail.com,Bangalore,2021-01-27
1920,"Rekha Malhotra",rekha.malhotra11@hotmail.com,Delhi,2023-01-10
1921,"Seema Chauhan",seema.chauhan54@outlook.com,Delhi,2022-06-29
1922,"Kavita Verma",kavita.verma94@gmail.com,Lucknow,2021-06-09
1923,"Kavita Tiwari",kavita.tiwari32@rediffmail.com,Pune,2023-05-01
1924,"Asha Reddy",asha.reddy99@rediffmail.com,Nagpur,2023-07-29
1925,"Geeta Desai",geeta.desai14@yahoo.com,Pune,2023-04-03
1926,"Sanjay Srivastava",sanjay.srivastava85@yahoo.com,Agra,2023-06-27
1927,"Raj Chopra",raj.chopra42@outlook.com,Bhopal,2023-06-01
1928,"Sunil Gupta",sunil.gupta73@rediffmail.com,Kolkata,2023-02-08
1929,"Shreya Modi",shreya.modi41@gmail.com,Ahmedabad,2023-11-14
1930,"Arun Nair",arun.nair13@gmail.com,Patna,2022-12-30
1931,"Arjun Patel",arjun.patel39@gmail.com,Nashik,2023-03-30
1932,"Arun Malhotra",arun.malhotra28@gmail.com,Surat,2023-09-16
1933,"Mahesh Pandey",mahesh.pandey74@gmail.com,Faridabad,2022-09-08
1934,"Arun Bansal",arun.bansal11@gmail.com,Surat,2022-12-14
1935,"Geeta Iyer",geeta.iyer16@yahoo.com,Faridabad,2021-01-24
1936,"Harish Bansal",harish.bansal7@outlook.com,Ludhiana,2021-03-26
1937,"Raj Roy",raj.roy90@yahoo.com,Chennai,2021-04-14
1938,"Preeti Pillai",preeti.pillai97@rediffmail.com,Nashik,2023-10-31
1939,"Divya Gupta",divya.gupta56@outlook.com,Indore,2021-10-31
1940,"Sanjay Iyer",sanjay.iyer90@yahoo.com,Chennai,2023-09-12
1941,"Seema Das",seema.das63@hotmail.com,Nashik,2022-02-06
1942,"Seema Saxena",seema.saxena95@rediffmail.com,Jaipur,2022-05-12
1943,"Neha Tiwari",neha.tiwari53@hotmail.com,Nagpur,2022-12-15
1944,"Aditya Saxena",aditya.saxena84@gmail.com,Lucknow,2021-12-13
1945,"Arjun Das",arjun.das88@outlook.com,Chennai,2021-06-25
1946,"Neha Chauhan",neha.chauhan7@yahoo.com,Faridabad,2021-10-30
1947,"Tarun Sharma",tarun.sharma44@gmail.com,Lucknow,2023-07-11
1948,"Deepak Sharma",deepak.sharma43@yahoo.com,Agra,2022-03-10
1949,"Shreya Chopra",shreya.chopra67@outlook.com,Agra,2023-09-17
1950,"Usha Desai",usha.desai85@rediffmail.com,Delhi,2022-06-08
1951,"Tarun Das",tarun.das90@rediffmail.com,Ahmedabad,2021-04-19
1952,"Tarun Modi",tarun.modi84@hotmail.com,Jaipur,2023-02-19
1953,"Sanjay Pandey",sanjay.pandey13@outlook.com,Vadodara,2023-12-25
1954,"Simran Singh",simran.singh51@yahoo.com,Mumbai,2022-12-12
1955,"Swati Kulkarni",swati.kulkarni46@outlook.com,Jaipur,2023-10-24
1956,"Siddharth Desai",siddharth.desai50@gmail.com,Agra,2022-07-28
1957,"Simran Desai",simran.desai51@yahoo.com,Bangalore,2023-02-22
1958,"Arjun Iyer",arjun.iyer31@rediffmail.com,Chennai,2023-05-24
1959,"Kavya Malhotra",kavya.malhotra78@outlook.com,Patna,2021-09-27
1960,"Rajesh Tiwari",rajesh.tiwari26@yahoo.com,Lucknow,2023-12-09
1961,"Vikas Iyer",vikas.iyer99@yahoo.com,Nashik,2021-11-20
1962,"Anjali Srivastava",anjali.srivastava19@gmail.com,Surat,2023-04-28
1963,"Harish Malhotra",harish.malhotra95@outlook.com,Chennai,2022-01-20
1964,"Anjali Sharma",anjali.sharma98@rediffmail.com,Faridabad,2022-07-01
1965,"Sunil Bhatt",sunil.bhatt79@yahoo.com,Faridabad,2022-04-21
1966,"Arjun Tiwari",arjun.tiwari4@outlook.com,Bangalore,2023-09-04
1967,"Sunil Singh",sunil.singh92@outlook.com,Pune,2023-03-05
1968,"Rekha Singh",rekha.singh18@yahoo.com,Kolkata,2022-04-09
1969,"Meera Iyer",meera.iyer29@yahoo.com,Kolkata,2021-05-16
1970,"Sunita Desai",sunita.desai32@hotmail.com,Indore,2021-03-27
1971,"Sunil Chauhan",sunil.chauhan49@outlook.com,Indore,2023-12-12
1972,"Anita Desai",anita.desai91@gmail.com,Ludhiana,2021-08-12
1973,"Harish Verma",harish.verma25@outlook.com,Patna,2023-03-27
1974,"Divya Chauhan",divya.chauhan65@gmail.com,Pune,2021-10-05
1975,"Raj Pillai",raj.pillai4@yahoo.com,Patna,2022-02-18
1976,"Mahesh Mishra",mahesh.mishra92@yahoo.com,Hyderabad,2021-07-06
1977,"Neha Pandey",neha.pandey58@outlook.com,Bangalore,2023-12-09
1978,"Shweta Bansal",shweta.bansal94@rediffmail.com,Faridabad,2021-11-24
1979,"Vikram Chopra",vikram.chopra49@gmail.com,Pune,2022-11-18
1980,"Sneha Iyer",sneha.iyer40@outlook.com,Patna,2022-08-15
1981,"Harish Joshi",harish.joshi16@yahoo.com,Kolkata,2021-01-08
1982,"Siddharth Sharma",siddharth.sharma59@hotmail.com,Vadodara,2021-01-12
1983,"Shreya Verma",shreya.verma24@yahoo.com,Delhi,2022-12-16
1984,"Sunil Agarwal",sunil.agarwal43@gmail.com,Delhi,2021-08-12
1985,"Girish Pandey",girish.pandey90@rediffmail.com,Nashik,2021-12-30
1986,"Sunita Chauhan",sunita.chauhan75@outlook.com,Delhi,2021-07-10
1987,"Savita Agarwal",savita.agarwal42@outlook.com,Indore,2021-05-19
1988,"Tarun Singh",tarun.singh18@gmail.com,Ahmedabad,2022-11-06
1989,"Mahesh Das",mahesh.das79@gmail.com,Hyderabad,2023-12-20
1990,"Ramesh Pandey",ramesh.pandey78@outlook.com,Bhopal,2022-10-11
1991,"Arun Saxena",arun.saxena46@yahoo.com,Faridabad,2023-10-14
1992,"Kavita Chauhan",kavita.chauhan81@hotmail.com,Vadodara,2022-01-04
1993,"Lata Gupta",lata.gupta91@outlook.com,Kolkata,2021-01-04
1994,"Mohit Pandey",mohit.pandey37@outlook.com,Bangalore,2022-09-23
1995,"Kavya Roy",kavya.roy71@outlook.com,Mumbai,2021-08-22
1996,"Simran Bansal",simran.bansal93@rediffmail.com,Faridabad,2021-03-01
1997,"Swati Singh",swati.singh61@gmail.com,Chennai,2023-09-14
1998,"Pooja Mishra",pooja.mishra59@rediffmail.com,Surat,2023-08-06
1999,"Aditya Mehta",aditya.mehta20@outlook.com,Mumbai,2022-11-26
2000,"Neha Modi",neha.modi97@outlook.com,Surat,2021-03-06
